"Status","Start Time","Stop Time","Duration in ms","Parent Suite","Suite","Sub Suite","Test Class","Test Method","Name","Description"
"passed","Mon Dec 28 15:47:46 CST 2020","Mon Dec 28 15:47:46 CST 2020","1","testcase","test_usermanager","TestUser1","","","test_03_user",""
"passed","Mon Dec 28 15:22:21 CST 2020","Mon Dec 28 15:22:21 CST 2020","0","testcase","test_usermanager","TestUser1","","","test_02_user",""
"passed","Mon Dec 28 15:31:17 CST 2020","Mon Dec 28 15:31:17 CST 2020","0","testcase","test_usermanager","","","","test_user110",""
"skipped","Mon Dec 28 15:47:45 CST 2020","Mon Dec 28 15:47:45 CST 2020","0","testcase","test_login","","","","test_10_func",""
"passed","Mon Dec 28 15:47:45 CST 2020","Mon Dec 28 15:47:45 CST 2020","0","testcase","test_student","TestStudent","","","test_01_student[ch]",""
"passed","Mon Dec 28 15:47:46 CST 2020","Mon Dec 28 15:47:46 CST 2020","0","testcase","test_usermanager","TestUser1","","","test_02_user[ch-ln]",""
"passed","Mon Dec 28 15:25:49 CST 2020","Mon Dec 28 15:25:49 CST 2020","0","testcase","test_usermanager","TestUser1","","","test_02_user[高才华]",""
"passed","Mon Dec 28 15:47:45 CST 2020","Mon Dec 28 15:47:45 CST 2020","0","interface_testcase","test_interface","TestIterface","","","test_01_interface[ln]",""
"passed","Mon Dec 28 15:47:45 CST 2020","Mon Dec 28 15:47:45 CST 2020","1","interface_testcase","test_interface","TestIterface","","","test_01_interface[ch]",""
"passed","Mon Dec 28 15:47:45 CST 2020","Mon Dec 28 15:47:45 CST 2020","0","testcase","test_usermanager","","","","test_user10",""
"passed","Mon Dec 28 15:47:46 CST 2020","Mon Dec 28 15:47:46 CST 2020","0","testcase","test_usermanager","TestUser2","","","test_04_user",""
"passed","Mon Dec 28 15:47:45 CST 2020","Mon Dec 28 15:47:45 CST 2020","0","testcase","test_product","TestRroduct","","","test_02_xingyao",""
"passed","Mon Dec 28 15:42:58 CST 2020","Mon Dec 28 15:42:58 CST 2020","0","testcase","test_usermanager","TestUser1","","","test_02_user[ln]",""
"passed","Mon Dec 28 15:47:45 CST 2020","Mon Dec 28 15:47:45 CST 2020","0","testcase","test_usermanager","TestUser1","","","test_01_user",""
"passed","Mon Dec 28 15:47:45 CST 2020","Mon Dec 28 15:47:45 CST 2020","0","testcase","test_product","TestRroduct","","","test_05_xingyao",""
"passed","Mon Dec 28 15:47:46 CST 2020","Mon Dec 28 15:47:46 CST 2020","0","testcase","test_usermanager","TestUser1","","","test_02_user[ln-ln]",""
"passed","Mon Dec 28 15:25:49 CST 2020","Mon Dec 28 15:25:49 CST 2020","0","testcase","test_usermanager","TestUser1","","","test_02_user[李娜]",""
"passed","Mon Dec 28 15:47:46 CST 2020","Mon Dec 28 15:47:46 CST 2020","1","testcase","test_usermanager","TestUser2","","","test_06_user",""
"passed","Mon Dec 28 15:47:45 CST 2020","Mon Dec 28 15:47:45 CST 2020","0","testcase","test_product","TestRroduct","","","test_04_xingyao",""
"passed","Mon Dec 28 15:47:45 CST 2020","Mon Dec 28 15:47:45 CST 2020","0","testcase","test_usermanager","TestUser1","","","test_02_user[ch-ch]",""
"passed","Mon Dec 28 15:47:45 CST 2020","Mon Dec 28 15:47:45 CST 2020","0","testcase","test_login","TestLogin","","","test_01_baili",""
"passed","Mon Dec 28 15:47:45 CST 2020","Mon Dec 28 15:47:45 CST 2020","0","testcase","test_product","TestRroduct","","","test_03_xingyao",""
"skipped","Mon Dec 28 14:21:29 CST 2020","Mon Dec 28 14:21:29 CST 2020","0","testcase","test_usermanager","TestUser1","","","test_01_user[ch_fixture0]",""
"passed","Mon Dec 28 15:47:45 CST 2020","Mon Dec 28 15:47:45 CST 2020","0","testcase","test_student","TestStudent","","","test_01_student[ln]",""
"passed","Mon Dec 28 15:42:58 CST 2020","Mon Dec 28 15:42:58 CST 2020","0","testcase","test_usermanager","TestUser1","","","test_02_user[ch]",""
"passed","Mon Dec 28 15:47:45 CST 2020","Mon Dec 28 15:47:45 CST 2020","0","testcase","test_usermanager","","","","test_user110[ch]",""
"passed","Mon Dec 28 15:47:46 CST 2020","Mon Dec 28 15:47:46 CST 2020","0","testcase","test_usermanager","TestUser2","","","test_05_user",""
"passed","Mon Dec 28 15:47:46 CST 2020","Mon Dec 28 15:47:46 CST 2020","1","testcase","test_usermanager","TestUser1","","","test_02_user[ln-ch]",""
"broken","Mon Dec 28 15:40:02 CST 2020","Mon Dec 28 15:40:02 CST 2020","0","interface_testcase","test_interface","TestIterface","","","test_01_interface",""
"passed","Mon Dec 28 15:47:45 CST 2020","Mon Dec 28 15:47:45 CST 2020","0","testcase","test_usermanager","","","","test_user110[ln]",""
"skipped","Mon Dec 28 15:47:45 CST 2020","Mon Dec 28 15:47:45 CST 2020","0","testcase","test_product","TestRroduct","","","test_01_xingyao",""
